feature,importance
src_bytes,0.1148014896856141
dst_host_srv_count,0.08470869237619008
dst_bytes,0.08467772793477217
service_enc,0.07391643209545377
logged_in,0.058374917152396295
dst_host_serror_rate,0.04941839757558366
srv_count,0.04248108159487922
dst_host_same_src_port_rate,0.03965979770538459
dst_host_diff_srv_rate,0.038595175361537504
count,0.03575185122497556
dst_host_count,0.029976864877744713
duration,0.028597066060483366
dst_host_srv_serror_rate,0.027484161720512455
dst_host_same_srv_rate,0.02498447527067514
serror_rate,0.02227054041544798
dst_host_srv_diff_host_rate,0.02191968552937706
protocol_type_enc,0.020646361536288894
same_srv_rate,0.020091590972364987
hot,0.020066130542737377
diff_srv_rate,0.019566320020693848
flag_enc,0.019318148677548094
srv_serror_rate,0.017337330642421985
dst_host_rerror_rate,0.0159298787333197
root_shell,0.015098987722202823
is_guest_login,0.014028585435930394
dst_host_srv_rerror_rate,0.010517349057822622
num_compromised,0.010379120621486023
num_file_creations,0.00980253642729917
srv_diff_host_rate,0.008566137966565883
rerror_rate,0.008265996321601791
srv_rerror_rate,0.0037568523208611924
wrong_fragment,0.00280688561322861
num_root,0.002800634582980351
num_failed_logins,0.0021715221921938506
num_access_files,0.0005844749802332965
num_shells,0.0003646645546943719
urgent,0.0001614751975326274
su_attempted,0.00010476362459678904
land,1.589567436769467e-05
is_host_login,7.513931379008165e-21
num_outbound_cmds,0.0
